--
-- PostgreSQL database dump
--

-- Dumped from database version 14.5
-- Dumped by pg_dump version 14.5 (Ubuntu 14.5-0ubuntu0.22.04.1)

SET statement_timeout = 0;
SET lock_timeout = 0;
SET idle_in_transaction_session_timeout = 0;
SET client_encoding = 'UTF8';
SET standard_conforming_strings = on;
SELECT pg_catalog.set_config('search_path', '', false);
SET check_function_bodies = false;
SET xmloption = content;
SET client_min_messages = warning;
SET row_security = off;

SET default_tablespace = '';

SET default_table_access_method = heap;

--
-- Name: Calendar; Type: TABLE; Schema: public; Owner: dmitriy
--

CREATE TABLE public."Calendar" (
    day integer NOT NULL
);


ALTER TABLE public."Calendar" OWNER TO dmitriy;

--
-- Name: Event; Type: TABLE; Schema: public; Owner: dmitriy
--

CREATE TABLE public."Event" (
    id integer NOT NULL,
    "ownerId" integer,
    "calendarDay" integer,
    title character varying(80),
    description character varying(8000),
    requirements character varying(2000),
    location character varying(400),
    "isPublic" boolean,
    "createdAt" timestamp with time zone,
    "startsAt" timestamp with time zone,
    "endsAt" timestamp with time zone
);


ALTER TABLE public."Event" OWNER TO dmitriy;

--
-- Name: EventNotification; Type: TABLE; Schema: public; Owner: dmitriy
--

CREATE TABLE public."EventNotification" (
    "personId" integer NOT NULL,
    "eventId" integer NOT NULL,
    "createdAt" timestamp with time zone,
    "notifyAt" timestamp with time zone,
    attempts integer,
    "interval" integer,
    "isSuccess" boolean
);


ALTER TABLE public."EventNotification" OWNER TO dmitriy;

--
-- Name: EventTag; Type: TABLE; Schema: public; Owner: dmitriy
--

CREATE TABLE public."EventTag" (
    "eventId" integer NOT NULL,
    tag character varying(30) NOT NULL
);


ALTER TABLE public."EventTag" OWNER TO dmitriy;

--
-- Name: EventVisit; Type: TABLE; Schema: public; Owner: dmitriy
--

CREATE TABLE public."EventVisit" (
    "personId" integer NOT NULL,
    "eventId" integer NOT NULL,
    motivation character varying(1000),
    "createdAt" timestamp with time zone,
    "isApproved" boolean,
    "isVisited" boolean
);


ALTER TABLE public."EventVisit" OWNER TO dmitriy;

--
-- Name: Event_id_seq; Type: SEQUENCE; Schema: public; Owner: dmitriy
--

CREATE SEQUENCE public."Event_id_seq"
    AS integer
    START WITH 1
    INCREMENT BY 1
    NO MINVALUE
    NO MAXVALUE
    CACHE 1;


ALTER TABLE public."Event_id_seq" OWNER TO dmitriy;

--
-- Name: Event_id_seq; Type: SEQUENCE OWNED BY; Schema: public; Owner: dmitriy
--

ALTER SEQUENCE public."Event_id_seq" OWNED BY public."Event".id;


--
-- Name: Person; Type: TABLE; Schema: public; Owner: dmitriy
--

CREATE TABLE public."Person" (
    id integer NOT NULL,
    email character varying(60),
    name character varying(40),
    biography character varying(160),
    "isPublic" boolean,
    password character varying(255),
    "createdAt" timestamp with time zone
);


ALTER TABLE public."Person" OWNER TO dmitriy;

--
-- Name: PersonTag; Type: TABLE; Schema: public; Owner: dmitriy
--

CREATE TABLE public."PersonTag" (
    "personId" integer NOT NULL,
    tag character varying(30) NOT NULL
);


ALTER TABLE public."PersonTag" OWNER TO dmitriy;

--
-- Name: Person_id_seq; Type: SEQUENCE; Schema: public; Owner: dmitriy
--

CREATE SEQUENCE public."Person_id_seq"
    AS integer
    START WITH 1
    INCREMENT BY 1
    NO MINVALUE
    NO MAXVALUE
    CACHE 1;


ALTER TABLE public."Person_id_seq" OWNER TO dmitriy;

--
-- Name: Person_id_seq; Type: SEQUENCE OWNED BY; Schema: public; Owner: dmitriy
--

ALTER SEQUENCE public."Person_id_seq" OWNED BY public."Person".id;


--
-- Name: UserSession; Type: TABLE; Schema: public; Owner: dmitriy
--

CREATE TABLE public."UserSession" (
    id integer NOT NULL,
    "personId" integer,
    password character varying(160),
    "expiresAt" timestamp with time zone
);


ALTER TABLE public."UserSession" OWNER TO dmitriy;

--
-- Name: UserSession_id_seq; Type: SEQUENCE; Schema: public; Owner: dmitriy
--

CREATE SEQUENCE public."UserSession_id_seq"
    AS integer
    START WITH 1
    INCREMENT BY 1
    NO MINVALUE
    NO MAXVALUE
    CACHE 1;


ALTER TABLE public."UserSession_id_seq" OWNER TO dmitriy;

--
-- Name: UserSession_id_seq; Type: SEQUENCE OWNED BY; Schema: public; Owner: dmitriy
--

ALTER SEQUENCE public."UserSession_id_seq" OWNED BY public."UserSession".id;


--
-- Name: Event id; Type: DEFAULT; Schema: public; Owner: dmitriy
--

ALTER TABLE ONLY public."Event" ALTER COLUMN id SET DEFAULT nextval('public."Event_id_seq"'::regclass);


--
-- Name: Person id; Type: DEFAULT; Schema: public; Owner: dmitriy
--

ALTER TABLE ONLY public."Person" ALTER COLUMN id SET DEFAULT nextval('public."Person_id_seq"'::regclass);


--
-- Name: UserSession id; Type: DEFAULT; Schema: public; Owner: dmitriy
--

ALTER TABLE ONLY public."UserSession" ALTER COLUMN id SET DEFAULT nextval('public."UserSession_id_seq"'::regclass);


--
-- Data for Name: Calendar; Type: TABLE DATA; Schema: public; Owner: dmitriy
--

COPY public."Calendar" (day) FROM stdin;
18699
18700
18701
18702
18703
18704
18705
18706
18707
18708
18709
18710
18711
18712
18713
18714
18715
18716
18717
18718
18719
18720
18721
18722
18723
18724
18725
18726
18727
18728
18729
18730
18731
18732
18733
18734
18735
18736
18737
18738
18739
18740
18741
18742
18743
18744
18745
18746
18747
18748
18749
18750
18751
18752
18753
18754
18755
18756
18757
18758
18759
18760
18761
18762
18763
18764
18765
18766
18767
18768
18769
18770
18771
18772
18773
18774
18775
18776
18777
18778
18779
18780
18781
18782
18783
18784
18785
18786
18787
18788
18789
18790
18791
18792
18793
18794
18795
18796
18797
18798
18799
18800
18801
18802
18803
18804
18805
18806
18807
18808
18809
18810
18811
18812
18813
18814
18815
18816
18817
18818
18819
18820
18821
18822
18823
18824
18825
18826
18827
18828
18829
18830
18831
18832
18833
18834
18835
18836
18837
18838
18839
18840
18841
18842
18843
18844
18845
18846
18847
18848
18849
18850
18851
18852
18853
18854
18855
18856
18857
18858
18859
18860
18861
18862
18863
18864
18865
18866
18867
18868
18869
18870
18871
18872
18873
18874
18875
18876
18877
18878
18879
18880
18881
18882
18883
18884
18885
18886
18887
18888
18889
18890
18891
18892
18893
18894
18895
18896
18897
18898
18899
18900
18901
18902
18903
18904
18905
18906
18907
18908
18909
18910
18911
18912
18913
18914
18915
18916
18917
18918
18919
18920
18921
18922
18923
18924
18925
18926
18927
18928
18929
18930
18931
18932
18933
18934
18935
18936
18937
18938
18939
18940
18941
18942
18943
18944
18945
18946
18947
18948
18949
18950
18951
18952
18953
18954
18955
18956
18957
18958
18959
18960
18961
18962
18963
18964
18965
18966
18967
18968
18969
18970
18971
18972
18973
18974
18975
18976
18977
18978
18979
18980
18981
18982
18983
18984
18985
18986
18987
18988
18989
18990
18991
18992
18993
18994
18995
18996
18997
18998
18999
19000
19001
19002
19003
19004
19005
19006
19007
19008
19009
19010
19011
19012
19013
19014
19015
19016
19017
19018
19019
19020
19021
19022
19023
19024
19025
19026
19027
19028
19029
19030
19031
19032
19033
19034
19035
19036
19037
19038
19039
19040
19041
19042
19043
19044
19045
19046
19047
19048
19049
19050
19051
19052
19053
19054
19055
19056
19057
19058
19059
19060
19061
19062
19063
19064
19065
19066
19067
19068
19069
19070
19071
19072
19073
19074
19075
19076
19077
19078
19079
19080
19081
19082
19083
19084
19085
19086
19087
19088
19089
19090
19091
19092
19093
19094
19095
19096
19097
19098
19099
19100
19101
19102
19103
19104
19105
19106
19107
19108
19109
19110
19111
19112
19113
19114
19115
19116
19117
19118
19119
19120
19121
19122
19123
19124
19125
19126
19127
19128
19129
19130
19131
19132
19133
19134
19135
19136
19137
19138
19139
19140
19141
19142
19143
19144
19145
19146
19147
19148
19149
19150
19151
19152
19153
19154
19155
19156
19157
19158
19159
19160
19161
19162
19163
19164
19165
19166
19167
19168
19169
19170
19171
19172
19173
19174
19175
19176
19177
19178
19179
19180
19181
19182
19183
19184
19185
19186
19187
19188
19189
19190
19191
19192
19193
19194
19195
19196
19197
19198
19599
19600
19601
19602
19603
19604
19605
19606
19607
19608
19609
19610
19611
19612
19613
19614
19615
19616
19617
19618
19619
19620
19621
19622
19623
19624
19625
19626
19627
19628
19629
19630
19631
19632
19633
19634
19635
19636
19637
19638
19639
19640
19641
19642
19643
19644
19645
19646
19647
19648
19649
19650
19651
19652
19653
19654
19655
19656
19657
19658
19659
19660
19661
19662
19663
19664
19665
19666
19667
19668
19669
19670
19671
19672
19673
19674
19675
19676
19677
19678
19679
19680
19681
19682
19683
19684
19685
19686
19687
19688
19689
19690
19691
19692
19693
19694
19695
19696
19697
19698
20199
20200
20201
20202
20203
20204
20205
20206
20207
20208
20209
20210
20211
20212
20213
20214
20215
20216
20217
20218
20219
20220
20221
20222
20223
20224
20225
20226
20227
20228
20229
20230
20231
20232
20233
20234
20235
20236
20237
20238
20239
20240
20241
20242
20243
20244
20245
20246
20247
20248
20249
20250
20251
20252
20253
20254
20255
20256
20257
20258
20259
20260
20261
20262
20263
20264
20265
20266
20267
20268
20269
20270
20271
20272
20273
20274
20275
20276
19199
19200
19201
19202
19203
19204
19205
19206
19207
19208
19209
19210
19211
19212
19213
19214
19215
19216
19217
19218
19219
19220
19221
19222
19223
19224
19225
19226
19227
19228
19229
19230
19231
19232
19233
19234
19235
19236
19237
19238
19239
19240
19241
19242
19243
19244
19245
19246
19247
19248
19249
19250
19251
19252
19253
19254
19255
19256
19257
19258
19259
19260
19261
19262
19263
19264
19265
19266
19267
19268
19269
19270
19271
19272
19273
19274
19275
19276
19277
19278
19279
19280
19281
19282
19283
19284
19285
19286
19287
19288
19289
19290
19291
19292
19293
19294
19295
19296
19297
19298
19399
19400
19401
19402
19403
19404
19405
19406
19407
19408
19409
19410
19411
19412
19413
19414
19415
19416
19417
19418
19419
19420
19421
19422
19423
19424
19425
19426
19427
19428
19429
19430
19431
19432
19433
19434
19435
19436
19437
19438
19439
19440
19441
19442
19443
19444
19445
19446
19447
19448
19449
19450
19451
19452
19453
19454
19455
19456
19457
19458
19459
19460
19461
19462
19463
19464
19465
19466
19467
19468
19469
19470
19471
19472
19473
19474
19475
19476
19477
19478
19479
19480
19481
19482
19483
19484
19485
19486
19487
19488
19489
19490
19491
19492
19493
19494
19495
19496
19497
19498
19699
19700
19701
19702
19703
19704
19705
19706
19707
19708
19709
19710
19711
19712
19713
19714
19715
19716
19717
19718
19719
19720
19721
19722
19723
19724
19299
19300
19301
19302
19303
19304
19305
19306
19307
19308
19309
19310
19311
19312
19313
19314
19315
19316
19317
19318
19319
19320
19321
19322
19323
19324
19325
19326
19327
19328
19329
19330
19331
19332
19333
19334
19335
19336
19337
19338
19339
19340
19341
19342
19343
19344
19345
19346
19347
19348
19349
19350
19351
19352
19353
19354
19355
19356
19357
19358
19359
19360
19361
19362
19363
19364
19365
19366
19367
19368
19369
19370
19371
19372
19373
19374
19375
19376
19377
19378
19379
19380
19381
19382
19383
19384
19385
19386
19387
19388
19389
19390
19391
19392
19393
19394
19395
19396
19397
19398
19899
19900
19901
19902
19903
19904
19905
19906
19907
19908
19909
19910
19911
19912
19913
19914
19915
19916
19917
19918
19919
19920
19921
19922
19923
19924
19925
19926
19927
19928
19929
19930
19931
19932
19933
19934
19935
19936
19937
19938
19939
19940
19941
19942
19943
19944
19945
19946
19947
19948
19949
19950
19951
19952
19953
19954
19955
19956
19957
19958
19959
19960
19961
19962
19963
19964
19965
19966
19967
19968
19969
19970
19971
19972
19973
19974
19975
19976
19977
19978
19979
19980
19981
19982
19983
19984
19985
19986
19987
19988
19989
19990
19991
19992
19993
19994
19995
19996
19997
19998
20499
20500
20501
20502
20503
20504
20505
20506
20507
20508
20509
20510
20511
20512
20513
20514
20515
20516
20517
20518
20519
20520
20521
20522
20523
20524
19499
19500
19501
19502
19503
19504
19505
19506
19507
19508
19509
19510
19511
19512
19513
19514
19515
19516
19517
19518
19519
19520
19521
19522
19523
19524
19525
19526
19527
19528
19529
19530
19531
19532
19533
19534
19535
19536
19537
19538
19539
19540
19541
19542
19543
19544
19545
19546
19547
19548
19549
19550
19551
19552
19553
19554
19555
19556
19557
19558
19559
19560
19561
19562
19563
19564
19565
19566
19567
19568
19569
19570
19571
19572
19573
19574
19575
19576
19577
19578
19579
19580
19581
19582
19583
19584
19585
19586
19587
19588
19589
19590
19591
19592
19593
19594
19595
19596
19597
19598
19799
19800
19801
19802
19803
19804
19805
19806
19807
19808
19809
19810
19811
19812
19813
19814
19815
19816
19817
19818
19819
19820
19821
19822
19823
19824
19825
19826
19827
19828
19829
19830
19831
19832
19833
19834
19835
19836
19837
19838
19839
19840
19841
19842
19843
19844
19845
19846
19847
19848
19849
19850
19851
19852
19853
19854
19855
19856
19857
19858
19859
19860
19861
19862
19863
19864
19865
19866
19867
19868
19869
19870
19871
19872
19873
19874
19875
19876
19877
19878
19879
19880
19881
19882
19883
19884
19885
19886
19887
19888
19889
19890
19891
19892
19893
19894
19895
19896
19897
19898
20099
20100
20101
20102
20103
20104
20105
20106
20107
20108
20109
20110
20111
20112
20113
20114
20115
20116
20117
20118
20119
20120
20121
20122
20123
20124
19725
19726
19727
19728
19729
19730
19731
19732
19733
19734
19735
19736
19737
19738
19739
19740
19741
19742
19743
19744
19745
19746
19747
19748
19749
19750
19751
19752
19753
19754
19755
19756
19757
19758
19759
19760
19761
19762
19763
19764
19765
19766
19767
19768
19769
19770
19771
19772
19773
19774
19775
19776
19777
19778
19779
19780
19781
19782
19783
19784
19785
19786
19787
19788
19789
19790
19791
19792
19793
19794
19795
19796
19797
19798
19999
20000
20001
20002
20003
20004
20005
20006
20007
20008
20009
20010
20011
20012
20013
20014
20015
20016
20017
20018
20019
20020
20021
20022
20023
20024
20025
20026
20027
20028
20029
20030
20031
20032
20033
20034
20035
20036
20037
20038
20039
20040
20041
20042
20043
20044
20045
20046
20047
20048
20049
20050
20051
20052
20053
20054
20055
20056
20057
20058
20059
20060
20061
20062
20063
20064
20065
20066
20067
20068
20069
20070
20071
20072
20073
20074
20075
20076
20077
20078
20079
20080
20081
20082
20083
20084
20085
20086
20087
20088
20089
20090
20091
20092
20093
20094
20095
20096
20097
20098
20299
20300
20301
20302
20303
20304
20305
20306
20307
20308
20309
20310
20311
20312
20313
20314
20315
20316
20317
20318
20319
20320
20321
20322
20323
20324
20325
20326
20327
20328
20329
20330
20331
20332
20333
20334
20335
20336
20337
20338
20339
20340
20341
20342
20343
20344
20345
20346
20347
20348
20349
20350
20125
20126
20127
20128
20129
20130
20131
20132
20133
20134
20135
20136
20137
20138
20139
20140
20141
20142
20143
20144
20145
20146
20147
20148
20149
20150
20151
20152
20153
20154
20155
20156
20157
20158
20159
20160
20161
20162
20163
20164
20165
20166
20167
20168
20169
20170
20171
20172
20173
20174
20175
20176
20177
20178
20179
20180
20181
20182
20183
20184
20185
20186
20187
20188
20189
20190
20191
20192
20193
20194
20195
20196
20197
20198
20399
20400
20401
20402
20403
20404
20405
20406
20407
20408
20409
20410
20411
20412
20413
20414
20415
20416
20417
20418
20419
20420
20421
20422
20423
20424
20425
20426
20427
20428
20429
20430
20431
20432
20433
20434
20435
20436
20437
20438
20439
20440
20441
20442
20443
20444
20445
20446
20447
20448
20449
20450
20451
20452
20453
20454
20455
20456
20457
20458
20459
20460
20461
20462
20463
20464
20465
20466
20467
20468
20469
20470
20471
20472
20473
20474
20475
20476
20477
20478
20479
20480
20481
20482
20483
20484
20485
20486
20487
20488
20489
20490
20491
20492
20493
20494
20495
20496
20497
20498
20277
20278
20279
20280
20281
20282
20283
20284
20285
20286
20287
20288
20289
20290
20291
20292
20293
20294
20295
20296
20297
20298
20351
20352
20353
20354
20355
20356
20357
20358
20359
20360
20361
20362
20363
20364
20365
20366
20367
20368
20369
20370
20371
20372
20373
20374
20375
20376
20377
20378
20379
20380
20381
20382
20383
20384
20385
20386
20387
20388
20389
20390
20391
20392
20393
20394
20395
20396
20397
20398
20599
20600
20601
20602
20603
20604
20605
20606
20607
20608
20609
20610
20611
20612
20613
20614
20615
20616
20617
20618
20619
20620
20621
20622
20623
20624
20625
20626
20627
20628
20629
20630
20631
20632
20633
20634
20635
20636
20637
20638
20639
20640
20641
20642
20643
20644
20645
20646
20647
20648
20649
20650
20651
20652
20653
20654
20655
20656
20657
20658
20659
20660
20661
20662
20663
20664
20665
20666
20667
20668
20669
20670
20671
20672
20673
20674
20675
20676
20677
20678
20679
20680
20681
20682
20683
20684
20685
20686
20687
20688
20689
20690
20691
20692
20693
20694
20695
20696
20697
20698
20525
20526
20527
20528
20529
20530
20531
20532
20533
20534
20535
20536
20537
20538
20539
20540
20541
20542
20543
20544
20545
20546
20547
20548
20549
20550
20551
20552
20553
20554
20555
20556
20557
20558
20559
20560
20561
20562
20563
20564
20565
20566
20567
20568
20569
20570
20571
20572
20573
20574
20575
20576
20577
20578
20579
20580
20581
20582
20583
20584
20585
20586
20587
20588
20589
20590
20591
20592
20593
20594
20595
20596
20597
20598
\.


--
-- Data for Name: Event; Type: TABLE DATA; Schema: public; Owner: dmitriy
--

COPY public."Event" (id, "ownerId", "calendarDay", title, description, requirements, location, "isPublic", "createdAt", "startsAt", "endsAt") FROM stdin;
1	1	19691	Example event	Example event description	Example event requirements	https://chat.example.com/igortvrbgwe	f	2023-11-30 08:31:00.259+00	2023-11-30 10:31:18.484+00	2023-11-30 11:31:18.484+00
2	1	19691	Example event	Example event description	Example event requirements	https://chat.example.com/otbmguwgsiij	f	2023-11-30 08:39:06.315+00	2023-11-30 13:23:40.755+00	2023-11-30 15:53:40.755+00
3	2	19692	Example event	Example event description	Example event requirements	Home st., 29	t	2023-11-30 08:52:18.246+00	2023-12-01 09:26:25.563+00	2023-12-01 10:26:25.563+00
4	3	19691	Example event	Example event description	Example event requirements	Home st., 42	t	2023-11-30 10:21:52.205+00	2023-11-30 22:40:27.538+00	2023-12-01 01:10:27.538+00
5	5	19692	Example event	Example event description	Example event requirements	https://zoom.example.com/olgnzcojgbqonpg	t	2023-11-30 14:09:07.647+00	2023-12-01 15:33:52.431+00	2023-12-01 18:03:52.431+00
6	6	19691	Example event	Example event description	Example event requirements	Home st., 66	f	2023-11-30 15:44:10.723+00	2023-11-30 21:20:09.202+00	2023-12-01 01:20:09.202+00
7	7	19692	Example event	Example event description	Example event requirements	West st., 42	t	2023-11-30 18:43:40.883+00	2023-12-01 12:22:15.469+00	2023-12-01 15:22:15.469+00
8	7	19692	Example event	Example event description	Example event requirements	https://chat.example.com/ytgdgqroqffhx	f	2023-11-30 18:38:52.734+00	2023-12-01 06:59:54.879+00	2023-12-01 08:59:54.879+00
9	8	19691	Example event	Example event description	Example event requirements	https://zoom.example.com/bjsnqaiyajtt	t	2023-11-30 19:42:07.538+00	2023-11-30 21:47:25.601+00	2023-11-30 22:47:25.601+00
10	8	19693	Example event	Example event description	Example event requirements	https://zoom.example.com/vbfdsqwohlsej	t	2023-11-30 19:45:24.303+00	2023-12-02 07:09:54.117+00	2023-12-02 09:09:54.117+00
11	10	19692	Example event	Example event description	Example event requirements	https://chat.example.com/tafnzcyriglfv	t	2023-11-30 22:30:15.064+00	2023-12-01 19:53:11.614+00	2023-12-01 22:53:11.614+00
12	10	19693	Example event	Example event description	Example event requirements	https://meet.example.com/wfwtxthgsmlzcri	t	2023-11-30 22:35:24.265+00	2023-12-02 14:12:08.462+00	2023-12-02 18:12:08.462+00
13	12	19692	Example event	Example event description	Example event requirements	https://meet.example.com/luiqkteerwdyn	t	2023-11-30 23:29:52.241+00	2023-12-01 05:09:13.026+00	2023-12-01 07:39:13.026+00
14	13	19693	Example event	Example event description	Example event requirements	Blue blvd., 63	t	2023-12-01 01:50:11.947+00	2023-12-02 04:30:01.328+00	2023-12-02 05:30:01.328+00
15	14	19693	Example event	Example event description	Example event requirements	https://chat.example.com/fntjpelvhwfsj	f	2023-12-01 02:35:41.899+00	2023-12-02 13:18:44.26+00	2023-12-02 16:18:44.26+00
16	14	19693	Example event	Example event description	Example event requirements	https://zoom.example.com/uvtxfybvlr	f	2023-12-01 02:27:13.93+00	2023-12-02 10:39:03.536+00	2023-12-02 12:09:03.536+00
17	15	19692	Example event	Example event description	Example event requirements	Theatre st., 59	t	2023-12-01 03:53:12.073+00	2023-12-01 17:59:35.36+00	2023-12-01 19:59:35.36+00
18	16	19692	Example event	Example event description	Example event requirements	https://chat.example.com/fgeokpnokicc	f	2023-12-01 06:20:27.4+00	2023-12-01 14:41:59.22+00	2023-12-01 16:11:59.22+00
19	17	19692	Example event	Example event description	Example event requirements	Blue blvd., 38	f	2023-12-01 08:51:30.357+00	2023-12-01 18:06:35.243+00	2023-12-01 19:06:35.243+00
20	17	19692	Example event	Example event description	Example event requirements	https://meet.example.com/fmslghepzzbl	t	2023-12-01 09:01:05.028+00	2023-12-01 23:30:53.849+00	2023-12-02 02:00:53.849+00
21	18	19693	Example event	Example event description	Example event requirements	https://meet.example.com/glzbtxibzlivgeu	f	2023-12-01 12:11:01.129+00	2023-12-02 22:05:40.152+00	2023-12-02 23:05:40.152+00
22	18	19692	Example event	Example event description	Example event requirements	52nd st., 63	f	2023-12-01 12:04:24.675+00	2023-12-01 18:16:08.481+00	2023-12-01 19:46:08.481+00
23	19	19693	Example event	Example event description	Example event requirements	West st., 57	f	2023-12-01 12:55:44.504+00	2023-12-02 09:30:04.907+00	2023-12-02 13:30:04.907+00
24	19	19694	Example event	Example event description	Example event requirements	West st., 15	t	2023-12-01 12:44:54.811+00	2023-12-03 01:20:52.988+00	2023-12-03 03:20:52.988+00
25	20	19693	Example event	Example event description	Example event requirements	https://chat.example.com/wkbqzylthmqzf	t	2023-12-01 16:07:09.253+00	2023-12-02 19:19:52+00	2023-12-02 22:19:52+00
26	20	19693	Example event	Example event description	Example event requirements	Blue blvd., 57	f	2023-12-01 15:58:46.402+00	2023-12-02 19:54:36.933+00	2023-12-02 21:24:36.933+00
27	21	19692	Example event	Example event description	Example event requirements	https://chat.example.com/jbeoexqmpdwyryp	t	2023-12-01 18:40:46.518+00	2023-12-01 23:31:49.627+00	2023-12-02 02:31:49.627+00
28	22	19692	Example event	Example event description	Example event requirements	https://zoom.example.com/dboxjfitwymj	t	2023-12-01 21:49:56.436+00	2023-12-01 23:18:51.615+00	2023-12-02 01:48:51.615+00
29	22	19693	Example event	Example event description	Example event requirements	Theatre st., 15	t	2023-12-01 21:54:02.956+00	2023-12-02 20:33:31.355+00	2023-12-02 22:33:31.355+00
30	23	19693	Example event	Example event description	Example event requirements	Blue blvd., 21	t	2023-12-02 00:00:41.519+00	2023-12-02 15:21:00.653+00	2023-12-02 19:21:00.653+00
31	25	19693	Example event	Example event description	Example event requirements	https://chat.example.com/jwnazidmxunbgd	f	2023-12-02 04:34:54.923+00	2023-12-02 23:22:05.832+00	2023-12-03 00:22:05.832+00
32	26	19694	Example event	Example event description	Example event requirements	https://chat.example.com/zcfkxrbtuaztua	f	2023-12-02 06:36:53.774+00	2023-12-03 20:49:05.732+00	2023-12-04 00:49:05.732+00
33	27	19695	Example event	Example event description	Example event requirements	52nd st., 43	t	2023-12-02 09:37:43.739+00	2023-12-04 00:54:48.25+00	2023-12-04 04:24:48.25+00
34	30	19693	Example event	Example event description	Example event requirements	https://chat.example.com/aedfjlrvatfk	t	2023-12-02 13:43:55.308+00	2023-12-02 14:56:52.631+00	2023-12-02 18:56:52.631+00
35	30	19693	Example event	Example event description	Example event requirements	https://chat.example.com/pajzqsmzqnu	t	2023-12-02 13:42:02.931+00	2023-12-02 16:55:09.809+00	2023-12-02 19:55:09.809+00
36	31	19693	Example event	Example event description	Example event requirements	Theatre st., 23	f	2023-12-02 15:36:56.276+00	2023-12-02 16:13:42.727+00	2023-12-02 19:13:42.727+00
37	31	19694	Example event	Example event description	Example event requirements	https://zoom.example.com/hezlypleunkf	t	2023-12-02 15:29:17.663+00	2023-12-03 01:41:25.712+00	2023-12-03 03:11:25.712+00
39	32	\N	Anime party	We WEILL WATCH ONE PIECE AND DEMON SLAYER** ALL DAY LONG	PASS THE VIBE CHECKKK	http://meet.example.com/0129aw12d21gb178513	t	2023-12-08 21:52:38.909+00	2023-12-12 07:30:00+00	2023-12-12 22:00:00+00
40	32	\N	Anime party	We WEILL WATCH ONE PIECE AND DEMON SLAYER** ALL DAY LONG	PASS THE VIBE CHECKKK	http://meet.example.com/0129aw12d21gb178513	t	2023-12-08 21:54:30.365+00	2023-12-12 07:30:00+00	2023-12-12 22:00:00+00
42	32	\N	Anime party	We WEILL WATCH ONE PIECE AND DEMON SLAYER** ALL DAY LONG	PASS THE VIBE CHECKKK	http://meet.example.com/0129aw12d21gb178513	t	2023-12-10 10:25:19.888+00	2023-12-12 07:30:00+00	2023-12-12 22:00:00+00
43	32	\N	Anime party	We WEILL WATCH ONE PIECE AND DEMON SLAYER** ALL DAY LONG	PASS THE VIBE CHECKKK	http://meet.example.com/0129aw12d21gb178513	t	2023-12-10 10:26:16.787+00	2023-12-12 07:30:00+00	2023-12-12 22:00:00+00
\.


--
-- Data for Name: EventNotification; Type: TABLE DATA; Schema: public; Owner: dmitriy
--

COPY public."EventNotification" ("personId", "eventId", "createdAt", "notifyAt", attempts, "interval", "isSuccess") FROM stdin;
11	3	\N	2023-12-01 08:46:25.563+00	0	600000	\N
6	3	\N	2023-12-01 08:27:25.563+00	0	60000	\N
10	3	\N	2023-12-01 09:26:25.563+00	0	600000	\N
13	3	\N	2023-12-01 08:28:25.563+00	0	60000	\N
8	4	\N	2023-11-30 22:00:27.538+00	0	600000	\N
15	3	\N	2023-12-01 09:26:25.563+00	0	600000	\N
17	3	\N	2023-12-01 09:17:25.563+00	0	60000	\N
20	3	\N	2023-12-01 09:17:25.563+00	0	60000	\N
22	3	\N	2023-12-01 09:26:25.563+00	0	600000	\N
23	3	\N	2023-12-01 08:27:25.563+00	0	60000	\N
31	3	\N	2023-12-01 09:26:25.563+00	0	600000	\N
5	4	\N	2023-11-30 21:41:27.538+00	0	60000	\N
16	4	\N	2023-11-30 22:50:27.538+00	0	600000	\N
21	4	\N	2023-11-30 22:50:27.538+00	0	600000	\N
14	5	\N	2023-12-01 15:43:52.431+00	0	600000	\N
22	4	\N	2023-11-30 22:40:27.538+00	0	600000	\N
29	4	\N	2023-11-30 21:50:27.538+00	0	600000	\N
3	5	\N	2023-12-01 14:43:52.431+00	0	600000	\N
10	5	\N	2023-12-01 15:33:52.431+00	0	600000	\N
17	5	\N	2023-12-01 15:43:52.431+00	0	600000	\N
15	5	\N	2023-12-01 14:43:52.431+00	0	600000	\N
18	5	\N	2023-12-01 15:34:52.431+00	0	60000	\N
21	7	\N	2023-12-01 12:32:15.469+00	0	600000	\N
20	5	\N	2023-12-01 15:24:52.431+00	0	60000	\N
22	5	\N	2023-12-01 15:33:52.431+00	0	60000	\N
26	5	\N	2023-12-01 15:24:52.431+00	0	60000	\N
30	5	\N	2023-12-01 15:24:52.431+00	0	60000	\N
4	7	\N	2023-12-01 12:22:15.469+00	0	600000	\N
5	7	\N	2023-12-01 11:23:15.469+00	0	60000	\N
6	7	\N	2023-12-01 12:13:15.469+00	0	60000	\N
8	7	\N	2023-12-01 11:32:15.469+00	0	600000	\N
11	7	\N	2023-12-01 12:22:15.469+00	0	60000	\N
15	7	\N	2023-12-01 12:22:15.469+00	0	60000	\N
4	9	\N	2023-11-30 21:57:25.601+00	0	600000	\N
22	7	\N	2023-12-01 12:31:15.469+00	0	600000	\N
23	7	\N	2023-12-01 12:13:15.469+00	0	60000	\N
24	7	\N	2023-12-01 11:32:15.469+00	0	600000	\N
25	7	\N	2023-12-01 12:22:15.469+00	0	600000	\N
27	7	\N	2023-12-01 12:22:15.469+00	0	600000	\N
13	9	\N	2023-11-30 22:06:25.601+00	0	600000	\N
10	9	\N	2023-11-30 21:47:25.601+00	0	600000	\N
11	9	\N	2023-11-30 20:57:25.601+00	0	600000	\N
14	9	\N	2023-11-30 21:48:25.601+00	0	60000	\N
15	9	\N	2023-11-30 21:39:25.601+00	0	60000	\N
26	9	\N	2023-11-30 22:06:25.601+00	0	600000	\N
16	9	\N	2023-11-30 20:57:25.601+00	0	600000	\N
25	9	\N	2023-11-30 21:47:25.601+00	0	60000	\N
4	10	\N	2023-12-02 06:11:54.117+00	0	60000	\N
28	9	\N	2023-11-30 20:57:25.601+00	0	600000	\N
11	10	\N	2023-12-02 07:10:54.117+00	0	60000	\N
8	10	\N	2023-12-02 06:10:54.117+00	0	60000	\N
9	10	\N	2023-12-02 07:09:54.117+00	0	600000	\N
18	10	\N	2023-12-02 06:11:54.117+00	0	60000	\N
15	10	\N	2023-12-02 06:19:54.117+00	0	600000	\N
26	10	\N	2023-12-02 07:28:54.117+00	0	600000	\N
19	10	\N	2023-12-02 06:19:54.117+00	0	600000	\N
20	10	\N	2023-12-02 06:19:54.117+00	0	600000	\N
22	10	\N	2023-12-02 07:00:54.117+00	0	60000	\N
23	10	\N	2023-12-02 06:19:54.117+00	0	600000	\N
15	11	\N	2023-12-01 19:45:11.614+00	0	60000	\N
30	10	\N	2023-12-02 07:00:54.117+00	0	60000	\N
6	11	\N	2023-12-01 19:53:11.614+00	0	600000	\N
7	11	\N	2023-12-01 19:03:11.614+00	0	600000	\N
9	11	\N	2023-12-01 20:02:11.614+00	0	600000	\N
16	11	\N	2023-12-01 20:12:11.614+00	0	600000	\N
26	11	\N	2023-12-01 19:13:11.614+00	0	600000	\N
25	11	\N	2023-12-01 19:53:11.614+00	0	600000	\N
11	12	\N	2023-12-02 14:04:08.462+00	0	60000	\N
6	12	\N	2023-12-02 14:03:08.462+00	0	60000	\N
7	12	\N	2023-12-02 13:13:08.462+00	0	60000	\N
9	12	\N	2023-12-02 14:12:08.462+00	0	60000	\N
13	12	\N	2023-12-02 14:22:08.462+00	0	600000	\N
15	12	\N	2023-12-02 14:31:08.462+00	0	600000	\N
26	12	\N	2023-12-02 13:32:08.462+00	0	600000	\N
16	12	\N	2023-12-02 14:12:08.462+00	0	60000	\N
18	12	\N	2023-12-02 14:21:08.462+00	0	600000	\N
21	12	\N	2023-12-02 14:12:08.462+00	0	600000	\N
23	12	\N	2023-12-02 13:13:08.462+00	0	60000	\N
3	13	\N	2023-12-01 05:28:13.026+00	0	600000	\N
28	12	\N	2023-12-02 14:21:08.462+00	0	600000	\N
31	12	\N	2023-12-02 14:03:08.462+00	0	60000	\N
1	13	\N	2023-12-01 04:10:13.026+00	0	60000	\N
2	13	\N	2023-12-01 04:10:13.026+00	0	60000	\N
5	13	\N	2023-12-01 05:19:13.026+00	0	600000	\N
13	13	\N	2023-12-01 05:28:13.026+00	0	600000	\N
10	13	\N	2023-12-01 05:18:13.026+00	0	600000	\N
16	13	\N	2023-12-01 04:29:13.026+00	0	600000	\N
14	13	\N	2023-12-01 05:00:13.026+00	0	60000	\N
21	13	\N	2023-12-01 05:01:13.026+00	0	60000	\N
19	13	\N	2023-12-01 05:00:13.026+00	0	60000	\N
24	13	\N	2023-12-01 04:29:13.026+00	0	600000	\N
26	13	\N	2023-12-01 05:01:13.026+00	0	60000	\N
27	13	\N	2023-12-01 04:11:13.026+00	0	60000	\N
28	13	\N	2023-12-01 05:19:13.026+00	0	600000	\N
2	14	\N	2023-12-02 04:31:01.328+00	0	60000	\N
29	13	\N	2023-12-01 05:09:13.026+00	0	600000	\N
30	13	\N	2023-12-01 05:09:13.026+00	0	60000	\N
15	14	\N	2023-12-02 04:40:01.328+00	0	600000	\N
9	14	\N	2023-12-02 04:21:01.328+00	0	60000	\N
23	14	\N	2023-12-02 04:49:01.328+00	0	600000	\N
17	14	\N	2023-12-02 03:40:01.328+00	0	600000	\N
25	14	\N	2023-12-02 04:40:01.328+00	0	600000	\N
9	17	\N	2023-12-01 18:09:35.36+00	0	600000	\N
30	14	\N	2023-12-02 04:30:01.328+00	0	60000	\N
31	14	\N	2023-12-02 04:21:01.328+00	0	60000	\N
1	17	\N	2023-12-01 17:09:35.36+00	0	600000	\N
13	17	\N	2023-12-01 17:01:35.36+00	0	60000	\N
17	17	\N	2023-12-01 17:01:35.36+00	0	60000	\N
15	17	\N	2023-12-01 17:00:35.36+00	0	60000	\N
18	17	\N	2023-12-01 17:19:35.36+00	0	600000	\N
19	17	\N	2023-12-01 18:09:35.36+00	0	600000	\N
22	17	\N	2023-12-01 17:19:35.36+00	0	600000	\N
24	17	\N	2023-12-01 18:09:35.36+00	0	600000	\N
25	17	\N	2023-12-01 17:01:35.36+00	0	60000	\N
26	17	\N	2023-12-01 18:18:35.36+00	0	600000	\N
29	17	\N	2023-12-01 18:00:35.36+00	0	60000	\N
30	17	\N	2023-12-01 18:18:35.36+00	0	600000	\N
4	20	\N	2023-12-01 23:31:53.849+00	0	60000	\N
31	17	\N	2023-12-01 17:00:35.36+00	0	60000	\N
1	20	\N	2023-12-01 23:30:53.849+00	0	60000	\N
2	20	\N	2023-12-01 23:39:53.849+00	0	600000	\N
7	20	\N	2023-12-01 23:49:53.849+00	0	600000	\N
14	20	\N	2023-12-01 22:32:53.849+00	0	60000	\N
12	20	\N	2023-12-01 23:30:53.849+00	0	60000	\N
13	20	\N	2023-12-01 23:30:53.849+00	0	600000	\N
15	20	\N	2023-12-01 23:49:53.849+00	0	600000	\N
16	20	\N	2023-12-01 23:49:53.849+00	0	600000	\N
24	20	\N	2023-12-01 23:31:53.849+00	0	60000	\N
25	20	\N	2023-12-01 23:22:53.849+00	0	60000	\N
27	20	\N	2023-12-01 23:40:53.849+00	0	600000	\N
28	20	\N	2023-12-01 23:31:53.849+00	0	60000	\N
2	24	\N	2023-12-03 01:12:52.988+00	0	60000	\N
30	20	\N	2023-12-01 23:30:53.849+00	0	60000	\N
1	3	\N	2023-12-01 09:17:25.563+00	0	60000	\N
4	5	\N	2023-12-01 14:34:52.431+00	0	60000	\N
30	9	\N	2023-11-30 20:48:25.601+00	0	60000	\N
14	12	\N	2023-12-02 14:12:08.462+00	0	600000	\N
31	20	\N	2023-12-01 23:21:53.849+00	0	60000	\N
10	24	\N	2023-12-03 00:21:52.988+00	0	60000	\N
11	24	\N	2023-12-03 00:21:52.988+00	0	60000	\N
13	24	\N	2023-12-03 00:30:52.988+00	0	600000	\N
19	24	\N	2023-12-03 01:20:52.988+00	0	60000	\N
25	24	\N	2023-12-03 01:20:52.988+00	0	600000	\N
28	24	\N	2023-12-03 01:20:52.988+00	0	60000	\N
4	3	\N	2023-12-01 09:27:25.563+00	0	60000	\N
30	24	\N	2023-12-03 00:30:52.988+00	0	600000	\N
1	25	\N	2023-12-02 18:20:52+00	0	60000	\N
2	25	\N	2023-12-02 19:19:52+00	0	600000	\N
7	25	\N	2023-12-02 19:29:52+00	0	600000	\N
13	25	\N	2023-12-02 18:39:52+00	0	600000	\N
11	25	\N	2023-12-02 19:19:52+00	0	600000	\N
12	25	\N	2023-12-02 19:19:52+00	0	600000	\N
23	25	\N	2023-12-02 19:20:52+00	0	60000	\N
19	25	\N	2023-12-02 19:19:52+00	0	600000	\N
3	27	\N	2023-12-01 23:41:49.627+00	0	600000	\N
26	25	\N	2023-12-02 19:28:52+00	0	600000	\N
30	25	\N	2023-12-02 19:28:52+00	0	600000	\N
10	27	\N	2023-12-01 23:50:49.627+00	0	600000	\N
8	27	\N	2023-12-01 23:40:49.627+00	0	600000	\N
17	27	\N	2023-12-01 23:41:49.627+00	0	600000	\N
12	27	\N	2023-12-01 23:22:49.627+00	0	60000	\N
18	27	\N	2023-12-01 23:41:49.627+00	0	600000	\N
28	27	\N	2023-12-01 22:51:49.627+00	0	600000	\N
27	27	\N	2023-12-01 23:31:49.627+00	0	600000	\N
31	27	\N	2023-12-01 23:41:49.627+00	0	600000	\N
4	28	\N	2023-12-01 23:37:51.615+00	0	600000	\N
2	28	\N	2023-12-01 23:27:51.615+00	0	600000	\N
3	28	\N	2023-12-01 23:18:51.615+00	0	600000	\N
13	28	\N	2023-12-01 23:19:51.615+00	0	60000	\N
7	28	\N	2023-12-01 23:27:51.615+00	0	600000	\N
11	28	\N	2023-12-01 23:09:51.615+00	0	60000	\N
21	28	\N	2023-12-01 23:19:51.615+00	0	60000	\N
15	28	\N	2023-12-01 22:19:51.615+00	0	60000	\N
22	28	\N	2023-12-01 22:38:51.615+00	0	600000	\N
23	28	\N	2023-12-01 23:37:51.615+00	0	600000	\N
3	29	\N	2023-12-02 19:35:31.355+00	0	60000	\N
26	28	\N	2023-12-01 22:28:51.615+00	0	600000	\N
27	28	\N	2023-12-01 22:19:51.615+00	0	60000	\N
29	28	\N	2023-12-01 23:27:51.615+00	0	600000	\N
5	29	\N	2023-12-02 19:35:31.355+00	0	60000	\N
8	29	\N	2023-12-02 19:53:31.355+00	0	600000	\N
6	29	\N	2023-12-02 20:24:31.355+00	0	60000	\N
9	29	\N	2023-12-02 19:53:31.355+00	0	600000	\N
10	29	\N	2023-12-02 19:53:31.355+00	0	600000	\N
12	29	\N	2023-12-02 20:52:31.355+00	0	600000	\N
11	29	\N	2023-12-02 20:33:31.355+00	0	60000	\N
13	29	\N	2023-12-02 19:35:31.355+00	0	60000	\N
20	29	\N	2023-12-02 19:35:31.355+00	0	60000	\N
14	29	\N	2023-12-02 20:33:31.355+00	0	60000	\N
15	29	\N	2023-12-02 19:34:31.355+00	0	60000	\N
1	30	\N	2023-12-02 15:40:00.653+00	0	600000	\N
23	29	\N	2023-12-02 20:33:31.355+00	0	60000	\N
25	29	\N	2023-12-02 19:43:31.355+00	0	600000	\N
26	29	\N	2023-12-02 20:24:31.355+00	0	60000	\N
2	30	\N	2023-12-02 15:40:00.653+00	0	600000	\N
16	30	\N	2023-12-02 15:22:00.653+00	0	60000	\N
8	30	\N	2023-12-02 15:21:00.653+00	0	600000	\N
9	30	\N	2023-12-02 15:12:00.653+00	0	60000	\N
11	30	\N	2023-12-02 15:21:00.653+00	0	600000	\N
15	30	\N	2023-12-02 15:21:00.653+00	0	60000	\N
17	30	\N	2023-12-02 15:40:00.653+00	0	600000	\N
25	30	\N	2023-12-02 15:31:00.653+00	0	600000	\N
18	30	\N	2023-12-02 15:21:00.653+00	0	60000	\N
23	30	\N	2023-12-02 14:31:00.653+00	0	600000	\N
27	30	\N	2023-12-02 15:31:00.653+00	0	600000	\N
29	30	\N	2023-12-02 14:23:00.653+00	0	60000	\N
5	33	\N	2023-12-04 00:46:48.25+00	0	60000	\N
2	33	\N	2023-12-04 00:45:48.25+00	0	60000	\N
6	33	\N	2023-12-04 01:04:48.25+00	0	600000	\N
13	33	\N	2023-12-04 00:14:48.25+00	0	600000	\N
8	33	\N	2023-12-04 01:03:48.25+00	0	600000	\N
14	33	\N	2023-12-04 00:14:48.25+00	0	600000	\N
18	33	\N	2023-12-04 01:04:48.25+00	0	600000	\N
17	33	\N	2023-12-04 00:04:48.25+00	0	600000	\N
23	33	\N	2023-12-04 00:14:48.25+00	0	600000	\N
21	33	\N	2023-12-04 01:03:48.25+00	0	600000	\N
22	33	\N	2023-12-04 00:04:48.25+00	0	600000	\N
27	33	\N	2023-12-04 00:14:48.25+00	0	600000	\N
30	33	\N	2023-12-04 00:55:48.25+00	0	60000	\N
28	33	\N	2023-12-04 01:03:48.25+00	0	600000	\N
9	34	\N	2023-12-02 14:16:52.631+00	0	600000	\N
3	34	\N	2023-12-02 15:05:52.631+00	0	600000	\N
10	34	\N	2023-12-02 14:16:52.631+00	0	600000	\N
22	34	\N	2023-12-02 14:48:52.631+00	0	60000	\N
12	34	\N	2023-12-02 14:56:52.631+00	0	600000	\N
16	34	\N	2023-12-02 14:06:52.631+00	0	600000	\N
20	34	\N	2023-12-02 14:56:52.631+00	0	60000	\N
26	34	\N	2023-12-02 14:16:52.631+00	0	600000	\N
24	34	\N	2023-12-02 14:56:52.631+00	0	60000	\N
28	34	\N	2023-12-02 14:48:52.631+00	0	60000	\N
31	34	\N	2023-12-02 14:16:52.631+00	0	600000	\N
7	35	\N	2023-12-02 16:15:09.809+00	0	600000	\N
3	35	\N	2023-12-02 16:55:09.809+00	0	600000	\N
5	35	\N	2023-12-02 16:46:09.809+00	0	60000	\N
13	35	\N	2023-12-02 17:14:09.809+00	0	600000	\N
8	35	\N	2023-12-02 17:04:09.809+00	0	600000	\N
23	35	\N	2023-12-02 16:47:09.809+00	0	60000	\N
14	35	\N	2023-12-02 16:46:09.809+00	0	60000	\N
19	35	\N	2023-12-02 15:56:09.809+00	0	60000	\N
2	37	\N	2023-12-03 00:43:25.712+00	0	60000	\N
27	35	\N	2023-12-02 16:55:09.809+00	0	600000	\N
29	35	\N	2023-12-02 15:56:09.809+00	0	60000	\N
6	37	\N	2023-12-03 00:43:25.712+00	0	60000	\N
3	37	\N	2023-12-03 01:41:25.712+00	0	600000	\N
4	37	\N	2023-12-03 00:42:25.712+00	0	60000	\N
9	37	\N	2023-12-03 01:33:25.712+00	0	60000	\N
8	37	\N	2023-12-03 00:42:25.712+00	0	60000	\N
23	37	\N	2023-12-03 00:43:25.712+00	0	60000	\N
13	37	\N	2023-12-03 01:41:25.712+00	0	600000	\N
14	37	\N	2023-12-03 01:41:25.712+00	0	600000	\N
17	37	\N	2023-12-03 00:42:25.712+00	0	60000	\N
22	37	\N	2023-12-03 00:51:25.712+00	0	600000	\N
25	37	\N	2023-12-03 00:43:25.712+00	0	60000	\N
27	37	\N	2023-12-03 00:43:25.712+00	0	60000	\N
29	37	\N	2023-12-03 01:01:25.712+00	0	600000	\N
31	37	\N	2023-12-03 01:01:25.712+00	0	600000	\N
5	3	\N	2023-12-01 09:36:25.563+00	0	600000	\N
13	4	\N	2023-11-30 21:42:27.538+00	0	60000	\N
8	5	\N	2023-12-01 14:53:52.431+00	0	600000	\N
31	10	\N	2023-12-02 07:01:54.117+00	0	60000	\N
6	13	\N	2023-12-01 05:28:13.026+00	0	600000	\N
1	14	\N	2023-12-02 03:50:01.328+00	0	600000	\N
16	17	\N	2023-12-01 17:01:35.36+00	0	60000	\N
3	20	\N	2023-12-01 23:49:53.849+00	0	600000	\N
15	24	\N	2023-12-03 01:39:52.988+00	0	600000	\N
16	24	\N	2023-12-03 01:21:52.988+00	0	60000	\N
18	24	\N	2023-12-03 00:22:52.988+00	0	60000	\N
22	24	\N	2023-12-03 01:12:52.988+00	0	60000	\N
5	25	\N	2023-12-02 18:21:52+00	0	60000	\N
\.


--
-- Data for Name: EventTag; Type: TABLE DATA; Schema: public; Owner: dmitriy
--

COPY public."EventTag" ("eventId", tag) FROM stdin;
1	all
1	animals
1	meeting
2	all
2	offline
2	animals
3	all
3	children
3	online
4	all
4	meeting
4	music
5	all
5	offline
5	literature
6	all
6	games
6	children
7	all
7	games
7	party
8	all
8	literature
8	animals
9	all
9	tea
9	literature
10	all
10	games
10	literature
11	all
11	literature
11	coffee
12	all
12	tea
12	literature
13	all
13	literature
13	meeting
14	all
14	online
14	meeting
15	all
15	meeting
15	music
16	all
16	animals
16	online
17	all
17	offline
17	games
18	all
18	music
18	online
19	all
19	literature
19	tea
20	all
20	offline
20	games
21	all
21	literature
21	online
22	all
22	children
23	all
23	party
23	games
24	all
24	offline
24	tea
25	all
25	meeting
25	party
26	all
26	animals
26	literature
27	all
27	coffee
27	meeting
28	all
28	meeting
28	games
29	all
29	children
29	party
30	all
30	games
30	meeting
31	all
31	offline
31	meeting
32	all
32	tea
33	all
33	literature
33	animals
34	all
34	coffee
34	offline
35	all
35	music
35	offline
36	all
36	animals
37	all
37	meeting
37	music
39	anime
39	party
39	online
39	all
40	anime
40	party
40	online
40	all
42	anime
42	party
42	online
42	all
43	anime
43	party
43	online
43	all
\.


--
-- Data for Name: EventVisit; Type: TABLE DATA; Schema: public; Owner: dmitriy
--

COPY public."EventVisit" ("personId", "eventId", motivation, "createdAt", "isApproved", "isVisited") FROM stdin;
1	3		2023-11-30 08:53:20.857+00	t	f
2	3		2023-11-30 08:53:00.972+00	t	f
4	3		2023-11-30 08:53:39.714+00	t	f
5	3		2023-11-30 08:53:00.2+00	t	f
6	3		2023-11-30 08:52:58.613+00	t	f
7	3		2023-11-30 08:53:54.627+00	t	f
9	3		2023-11-30 08:53:33.345+00	t	f
10	3		2023-11-30 08:53:13.895+00	t	f
11	3		2023-11-30 08:52:51.439+00	t	f
13	3		2023-11-30 08:52:35.013+00	t	f
15	3		2023-11-30 08:53:54.465+00	t	f
17	3		2023-11-30 08:53:42.33+00	t	f
20	3		2023-11-30 08:53:07.343+00	t	f
21	3		2023-11-30 08:53:17.48+00	t	f
22	3		2023-11-30 08:53:42.138+00	t	f
23	3		2023-11-30 08:53:33.973+00	t	f
31	3		2023-11-30 08:52:21.936+00	t	f
5	4		2023-11-30 10:21:53.295+00	t	f
7	4		2023-11-30 10:23:09.903+00	t	f
8	4		2023-11-30 10:22:27.98+00	t	f
13	4		2023-11-30 10:23:05.067+00	t	f
15	4		2023-11-30 10:22:22.94+00	t	f
16	4		2023-11-30 10:22:43.077+00	t	f
21	4		2023-11-30 10:23:21.098+00	t	f
22	4		2023-11-30 10:22:43.952+00	t	f
25	4		2023-11-30 10:22:40.915+00	t	f
29	4		2023-11-30 10:22:29.988+00	t	f
31	4		2023-11-30 10:22:08.398+00	t	f
3	5		2023-11-30 14:09:26.224+00	t	f
4	5		2023-11-30 14:10:30.663+00	t	f
7	5		2023-11-30 14:10:43.284+00	t	f
8	5		2023-11-30 14:09:46.008+00	t	f
10	5		2023-11-30 14:10:23.985+00	t	f
13	5		2023-11-30 14:09:54.468+00	t	f
14	5		2023-11-30 14:09:39.958+00	t	f
15	5		2023-11-30 14:09:46.141+00	t	f
17	5		2023-11-30 14:10:37.176+00	t	f
18	5		2023-11-30 14:09:11.967+00	t	f
20	5		2023-11-30 14:09:34.069+00	t	f
22	5		2023-11-30 14:10:40.07+00	t	f
26	5		2023-11-30 14:09:23.212+00	t	f
30	5		2023-11-30 14:09:19.037+00	t	f
4	7		2023-11-30 18:44:07.344+00	t	f
5	7		2023-11-30 18:44:35.451+00	t	f
6	7		2023-11-30 18:43:54.501+00	t	f
7	7		2023-11-30 18:43:56.352+00	t	f
8	7		2023-11-30 18:44:12.856+00	t	f
10	7		2023-11-30 18:44:30.062+00	t	f
11	7		2023-11-30 18:43:59.81+00	t	f
13	7		2023-11-30 18:44:04.673+00	t	f
15	7		2023-11-30 18:44:30.34+00	t	f
21	7		2023-11-30 18:44:01.215+00	t	f
22	7		2023-11-30 18:45:03.236+00	t	f
23	7		2023-11-30 18:45:12.368+00	t	f
24	7		2023-11-30 18:45:00.085+00	t	f
25	7		2023-11-30 18:44:47.863+00	t	f
27	7		2023-11-30 18:43:59.405+00	t	f
4	9		2023-11-30 19:42:50.533+00	t	f
10	9		2023-11-30 19:43:10.155+00	t	f
11	9		2023-11-30 19:43:05.559+00	t	f
13	9		2023-11-30 19:42:30.297+00	t	f
14	9		2023-11-30 19:42:10.422+00	t	f
15	9		2023-11-30 19:43:40.326+00	t	f
16	9		2023-11-30 19:43:36.966+00	t	f
20	9		2023-11-30 19:43:34.21+00	t	f
25	9		2023-11-30 19:42:19.313+00	t	f
26	9		2023-11-30 19:42:17.345+00	t	f
28	9		2023-11-30 19:42:25.531+00	t	f
30	9		2023-11-30 19:43:18.603+00	t	f
4	10		2023-11-30 19:46:14.567+00	t	f
8	10		2023-11-30 19:46:08.002+00	t	f
9	10		2023-11-30 19:46:18.865+00	t	f
11	10		2023-11-30 19:46:17.806+00	t	f
15	10		2023-11-30 19:46:38.136+00	t	f
18	10		2023-11-30 19:45:55.113+00	t	f
19	10		2023-11-30 19:46:48.951+00	t	f
20	10		2023-11-30 19:46:37.307+00	t	f
22	10		2023-11-30 19:46:53.695+00	t	f
23	10		2023-11-30 19:46:09.846+00	t	f
25	10		2023-11-30 19:45:47.503+00	t	f
26	10		2023-11-30 19:46:04.673+00	t	f
30	10		2023-11-30 19:46:50.887+00	t	f
31	10		2023-11-30 19:46:46.69+00	t	f
6	11		2023-11-30 22:30:56.698+00	t	f
7	11		2023-11-30 22:31:27.855+00	t	f
8	11		2023-11-30 22:31:51.574+00	t	f
9	11		2023-11-30 22:30:25.263+00	t	f
11	11		2023-11-30 22:31:01.817+00	t	f
14	11		2023-11-30 22:30:43.166+00	t	f
15	11		2023-11-30 22:31:04.458+00	t	f
16	11		2023-11-30 22:31:31.43+00	t	f
24	11		2023-11-30 22:31:02.021+00	t	f
25	11		2023-11-30 22:30:32.54+00	t	f
26	11		2023-11-30 22:30:31.92+00	t	f
31	11		2023-11-30 22:31:11.587+00	t	f
5	12		2023-11-30 22:37:00.92+00	t	f
6	12		2023-11-30 22:36:16.269+00	t	f
7	12		2023-11-30 22:36:56.589+00	t	f
9	12		2023-11-30 22:36:55.6+00	t	f
11	12		2023-11-30 22:35:59.963+00	t	f
13	12		2023-11-30 22:35:31.764+00	t	f
14	12		2023-11-30 22:36:28.372+00	t	f
15	12		2023-11-30 22:36:13.101+00	t	f
16	12		2023-11-30 22:35:57.796+00	t	f
18	12		2023-11-30 22:36:24.403+00	t	f
21	12		2023-11-30 22:36:04.856+00	t	f
23	12		2023-11-30 22:36:48.933+00	t	f
24	12		2023-11-30 22:36:50.206+00	t	f
26	12		2023-11-30 22:36:00.83+00	t	f
27	12		2023-11-30 22:36:11.773+00	t	f
28	12		2023-11-30 22:36:52.842+00	t	f
31	12		2023-11-30 22:36:04.682+00	t	f
1	13		2023-11-30 23:30:48.074+00	t	f
2	13		2023-11-30 23:31:25.454+00	t	f
3	13		2023-11-30 23:31:20.172+00	t	f
5	13		2023-11-30 23:31:11.464+00	t	f
6	13		2023-11-30 23:31:20.25+00	t	f
10	13		2023-11-30 23:30:09.753+00	t	f
13	13		2023-11-30 23:30:55.614+00	t	f
14	13		2023-11-30 23:31:01.533+00	t	f
15	13		2023-11-30 23:30:49.837+00	t	f
16	13		2023-11-30 23:30:37.187+00	t	f
17	13		2023-11-30 23:30:12.87+00	t	f
19	13		2023-11-30 23:30:05.121+00	t	f
20	13		2023-11-30 23:30:49.074+00	t	f
21	13		2023-11-30 23:30:10.271+00	t	f
24	13		2023-11-30 23:30:14.418+00	t	f
25	13		2023-11-30 23:30:44.751+00	t	f
26	13		2023-11-30 23:30:44.277+00	t	f
27	13		2023-11-30 23:30:47.156+00	t	f
28	13		2023-11-30 23:31:02.311+00	t	f
29	13		2023-11-30 23:31:19.432+00	t	f
30	13		2023-11-30 23:30:59.737+00	t	f
1	14		2023-12-01 01:50:51.594+00	t	f
2	14		2023-12-01 01:50:31.14+00	t	f
7	14		2023-12-01 01:51:47.256+00	t	f
9	14		2023-12-01 01:50:37.693+00	t	f
15	14		2023-12-01 01:50:34.324+00	t	f
17	14		2023-12-01 01:51:38.289+00	t	f
19	14		2023-12-01 01:50:15.596+00	t	f
23	14		2023-12-01 01:50:37.547+00	t	f
25	14		2023-12-01 01:50:59.039+00	t	f
27	14		2023-12-01 01:51:40.879+00	t	f
30	14		2023-12-01 01:51:47.264+00	t	f
31	14		2023-12-01 01:50:53.908+00	t	f
1	17		2023-12-01 03:54:33.952+00	t	f
4	17		2023-12-01 03:54:29.269+00	t	f
8	17		2023-12-01 03:53:58.159+00	t	f
9	17		2023-12-01 03:53:47.435+00	t	f
13	17		2023-12-01 03:54:38.751+00	t	f
15	17		2023-12-01 03:54:16.435+00	t	f
16	17		2023-12-01 03:54:05.926+00	t	f
17	17		2023-12-01 03:54:19.104+00	t	f
18	17		2023-12-01 03:54:51.016+00	t	f
19	17		2023-12-01 03:54:18.449+00	t	f
21	17		2023-12-01 03:53:24.657+00	t	f
22	17		2023-12-01 03:54:32.974+00	t	f
24	17		2023-12-01 03:53:52.699+00	t	f
25	17		2023-12-01 03:53:16.934+00	t	f
26	17		2023-12-01 03:54:16.299+00	t	f
29	17		2023-12-01 03:53:22.032+00	t	f
30	17		2023-12-01 03:54:14.983+00	t	f
31	17		2023-12-01 03:54:22.212+00	t	f
1	20		2023-12-01 09:02:35.34+00	t	f
2	20		2023-12-01 09:02:24.124+00	t	f
3	20		2023-12-01 09:01:35.411+00	t	f
4	20		2023-12-01 09:02:38.576+00	t	f
7	20		2023-12-01 09:01:52.711+00	t	f
12	20		2023-12-01 09:01:17.617+00	t	f
13	20		2023-12-01 09:02:44.671+00	t	f
14	20		2023-12-01 09:02:19.941+00	t	f
15	20		2023-12-01 09:02:25.551+00	t	f
16	20		2023-12-01 09:01:15.755+00	t	f
22	20		2023-12-01 09:01:37.362+00	t	f
24	20		2023-12-01 09:01:44.607+00	t	f
25	20		2023-12-01 09:01:45.62+00	t	f
27	20		2023-12-01 09:02:00.545+00	t	f
28	20		2023-12-01 09:02:13.158+00	t	f
30	20		2023-12-01 09:01:06.075+00	t	f
31	20		2023-12-01 09:01:33.985+00	t	f
2	24		2023-12-01 12:46:12.567+00	t	f
4	24		2023-12-01 12:45:46.092+00	t	f
6	24		2023-12-01 12:45:25.292+00	t	f
10	24		2023-12-01 12:46:19.329+00	t	f
11	24		2023-12-01 12:45:51.542+00	t	f
13	24		2023-12-01 12:45:43.435+00	t	f
14	24		2023-12-01 12:45:55.618+00	t	f
15	24		2023-12-01 12:45:50.901+00	t	f
16	24		2023-12-01 12:45:49.047+00	t	f
17	24		2023-12-01 12:46:10.495+00	t	f
18	24		2023-12-01 12:45:46.795+00	t	f
19	24		2023-12-01 12:45:18.641+00	t	f
22	24		2023-12-01 12:45:55.84+00	t	f
25	24		2023-12-01 12:45:09.491+00	t	f
28	24		2023-12-01 12:44:58.906+00	t	f
30	24		2023-12-01 12:45:16.463+00	t	f
1	25		2023-12-01 16:08:19.533+00	t	f
2	25		2023-12-01 16:07:45.001+00	t	f
5	25		2023-12-01 16:08:29.136+00	t	f
7	25		2023-12-01 16:07:48.976+00	t	f
10	25		2023-12-01 16:08:29.25+00	t	f
11	25		2023-12-01 16:08:14.097+00	t	f
12	25		2023-12-01 16:08:14.02+00	t	f
13	25		2023-12-01 16:07:16.664+00	t	f
16	25		2023-12-01 16:07:33.876+00	t	f
19	25		2023-12-01 16:07:53.278+00	t	f
20	25		2023-12-01 16:07:42.151+00	t	f
23	25		2023-12-01 16:07:17.225+00	t	f
26	25		2023-12-01 16:07:41.5+00	t	f
27	25		2023-12-01 16:08:26.352+00	t	f
30	25		2023-12-01 16:07:32.45+00	t	f
2	27		2023-12-01 18:42:18.423+00	t	f
3	27		2023-12-01 18:42:03.189+00	t	f
7	27		2023-12-01 18:41:45.825+00	t	f
8	27		2023-12-01 18:41:00.37+00	t	f
10	27		2023-12-01 18:41:18.31+00	t	f
12	27		2023-12-01 18:41:02.771+00	t	f
15	27		2023-12-01 18:41:23.16+00	t	f
17	27		2023-12-01 18:40:56.546+00	t	f
18	27		2023-12-01 18:41:59.254+00	t	f
23	27		2023-12-01 18:41:28.089+00	t	f
27	27		2023-12-01 18:41:21.631+00	t	f
28	27		2023-12-01 18:41:20.592+00	t	f
31	27		2023-12-01 18:42:02.542+00	t	f
2	28		2023-12-01 21:50:18.92+00	t	f
3	28		2023-12-01 21:51:19.752+00	t	f
4	28		2023-12-01 21:51:17.099+00	t	f
7	28		2023-12-01 21:51:09.397+00	t	f
11	28		2023-12-01 21:50:22.869+00	t	f
13	28		2023-12-01 21:50:06.754+00	t	f
15	28		2023-12-01 21:51:17.499+00	t	f
16	28		2023-12-01 21:51:21.553+00	t	f
21	28		2023-12-01 21:50:39.609+00	t	f
22	28		2023-12-01 21:50:30.869+00	t	f
23	28		2023-12-01 21:51:36.003+00	t	f
26	28		2023-12-01 21:51:31.639+00	t	f
27	28		2023-12-01 21:51:32.466+00	t	f
29	28		2023-12-01 21:50:55.051+00	t	f
3	29		2023-12-01 21:54:53.74+00	t	f
4	29		2023-12-01 21:54:52.099+00	t	f
5	29		2023-12-01 21:55:21.274+00	t	f
6	29		2023-12-01 21:55:41.921+00	t	f
7	29		2023-12-01 21:54:28.6+00	t	f
8	29		2023-12-01 21:54:32.92+00	t	f
9	29		2023-12-01 21:55:16.633+00	t	f
10	29		2023-12-01 21:55:39.427+00	t	f
11	29		2023-12-01 21:54:17.53+00	t	f
12	29		2023-12-01 21:54:05.48+00	t	f
13	29		2023-12-01 21:55:40.961+00	t	f
14	29		2023-12-01 21:54:05.235+00	t	f
15	29		2023-12-01 21:54:56.303+00	t	f
20	29		2023-12-01 21:55:23.772+00	t	f
21	29		2023-12-01 21:55:22.155+00	t	f
22	29		2023-12-01 21:54:17.709+00	t	f
23	29		2023-12-01 21:55:07.829+00	t	f
25	29		2023-12-01 21:55:04.637+00	t	f
26	29		2023-12-01 21:55:24.855+00	t	f
1	30		2023-12-02 00:01:43.03+00	t	f
2	30		2023-12-02 00:02:20.466+00	t	f
8	30		2023-12-02 00:00:50.985+00	t	f
9	30		2023-12-02 00:01:51.872+00	t	f
11	30		2023-12-02 00:01:06.776+00	t	f
15	30		2023-12-02 00:01:11.023+00	t	f
16	30		2023-12-02 00:00:46.014+00	t	f
17	30		2023-12-02 00:01:29.258+00	t	f
18	30		2023-12-02 00:01:30.047+00	t	f
21	30		2023-12-02 00:01:29.948+00	t	f
23	30		2023-12-02 00:01:54.843+00	t	f
25	30		2023-12-02 00:01:34.219+00	t	f
27	30		2023-12-02 00:00:50.191+00	t	f
29	30		2023-12-02 00:02:11.764+00	t	f
2	33		2023-12-02 09:38:32.95+00	t	f
5	33		2023-12-02 09:37:48.606+00	t	f
6	33		2023-12-02 09:38:31.959+00	t	f
8	33		2023-12-02 09:39:15.836+00	t	f
13	33		2023-12-02 09:37:46.427+00	t	f
14	33		2023-12-02 09:37:48.715+00	t	f
15	33		2023-12-02 09:37:51.796+00	t	f
17	33		2023-12-02 09:39:07.528+00	t	f
18	33		2023-12-02 09:38:42.888+00	t	f
21	33		2023-12-02 09:38:10.799+00	t	f
22	33		2023-12-02 09:38:53.64+00	t	f
23	33		2023-12-02 09:37:49.331+00	t	f
27	33		2023-12-02 09:38:01.618+00	t	f
28	33		2023-12-02 09:37:46.103+00	t	f
30	33		2023-12-02 09:38:56.409+00	t	f
3	34		2023-12-02 13:45:19.685+00	t	f
6	34		2023-12-02 13:44:47.216+00	t	f
9	34		2023-12-02 13:45:05.911+00	t	f
10	34		2023-12-02 13:45:00.3+00	t	f
12	34		2023-12-02 13:44:51.81+00	t	f
16	34		2023-12-02 13:45:23.665+00	t	f
18	34		2023-12-02 13:44:25.848+00	t	f
20	34		2023-12-02 13:44:56.755+00	t	f
22	34		2023-12-02 13:44:59.035+00	t	f
24	34		2023-12-02 13:45:20.134+00	t	f
26	34		2023-12-02 13:44:07.458+00	t	f
28	34		2023-12-02 13:45:01.771+00	t	f
29	34		2023-12-02 13:45:26.189+00	t	f
31	34		2023-12-02 13:45:10.993+00	t	f
3	35		2023-12-02 13:43:12.645+00	t	f
5	35		2023-12-02 13:42:57.409+00	t	f
7	35		2023-12-02 13:42:04.118+00	t	f
8	35		2023-12-02 13:43:20.115+00	t	f
13	35		2023-12-02 13:42:27.791+00	t	f
14	35		2023-12-02 13:42:04.091+00	t	f
16	35		2023-12-02 13:42:25.942+00	t	f
18	35		2023-12-02 13:43:30.751+00	t	f
19	35		2023-12-02 13:42:28.498+00	t	f
20	35		2023-12-02 13:42:18.981+00	t	f
23	35		2023-12-02 13:43:23.815+00	t	f
26	35		2023-12-02 13:43:24.576+00	t	f
27	35		2023-12-02 13:42:55.01+00	t	f
29	35		2023-12-02 13:42:40.047+00	t	f
1	37		2023-12-02 15:30:29.41+00	t	f
2	37		2023-12-02 15:30:31.991+00	t	f
3	37		2023-12-02 15:29:21.388+00	t	f
4	37		2023-12-02 15:30:27.464+00	t	f
6	37		2023-12-02 15:30:04.921+00	t	f
8	37		2023-12-02 15:30:01.319+00	t	f
9	37		2023-12-02 15:30:33.94+00	t	f
11	37		2023-12-02 15:29:52.987+00	t	f
13	37		2023-12-02 15:30:30.564+00	t	f
14	37		2023-12-02 15:30:08.86+00	t	f
17	37		2023-12-02 15:29:44.422+00	t	f
22	37		2023-12-02 15:30:51.956+00	t	f
23	37		2023-12-02 15:30:20.327+00	t	f
25	37		2023-12-02 15:30:11.854+00	t	f
27	37		2023-12-02 15:29:41.635+00	t	f
29	37		2023-12-02 15:29:24.827+00	t	f
31	37		2023-12-02 15:30:09.644+00	t	f
32	42	idk x2	2023-12-10 10:25:21.21+00	f	f
32	43	idk x2	2023-12-10 10:26:18.035+00	f	f
\.


--
-- Data for Name: Person; Type: TABLE DATA; Schema: public; Owner: dmitriy
--

COPY public."Person" (id, email, name, biography, "isPublic", password, "createdAt") FROM stdin;
1	isabella2967@mail.com	Isabella	makes from excuse biography	f	c5de3ea0e01e9cef5734088db6ccaa22871ef92a6251508a10580f28b8a1f95993b557c2c65a6581f7044521cef283d5eb9d310259d306c8b645835f3ed3f9fa	2023-11-30 08:27:31.529+00
2	tessa4368@mail.com	Tessa	from makes sense random	t	39ccbb20d9530b9c8fa990ab8a6c758a11ae3b4a1822157b5d2be9705063231df41c5510faff8feeb5a19377a9908cc3bd9971c26e8fd729b80f0df0c678af36	2023-11-30 08:48:40.022+00
3	quincy3235@mail.com	Quincy	makes no hi biography	t	cfeb7a92937c03882c3413f71bd7a3667947e3158892bfaa08d2e813dbbf25ef2086323d2cf14d99b70315ebe9f39d6653908067492ce15daca16707e05c74c1	2023-11-30 10:10:08.995+00
4	gabriella7432@mail.com	Gabriella	content from hi	t	bad15d79806df3930a9a906972b998097462d80bf280ede8ddd85f970e6ad688cf8ad7f6e950333cb6bbac072e4af36a3cba47110c3e202906780d59e0c8ab52	2023-11-30 11:21:46.04+00
5	xavier4493@mail.com	Xavier	biography no no hello	t	813d2f137290a2bc03b9c008812ef1faceeb8ade228021d712f2bfd63bb951c66fc4a4710d89dc0442213d4b03041376c96af13bd3bf60e3c00be35bdb4d0807	2023-11-30 13:54:47.439+00
6	elena9796@mail.com	Elena	random hello excuse hello	t	f3c9d7c01f44749d9443e33cf728969bbc14e514fbaeda73156302146b6198506797d88185816cdb6c880f26963dfe715da9c92aa0648b5dd6e95a50f33a87b1	2023-11-30 15:43:54.789+00
7	grace954@mail.com	Grace	excuse content content random	t	1347c8eeba57c1b01b0248f9ec0bdb2a3fcc5048243c89bfa398dcdec6106da770f4afcdbbaee3eb1c3f5e9fcde049a5fe464a9b631fd246f1fda59c49a4f1f5	2023-11-30 18:35:10.317+00
8	xander6576@mail.com	Xander	from sense sense content	t	a6c700cb26703b93a78edd5e6b982846880aaa7afb1c33a370563e826d7e1d0b71cd7b51a55ca3c7eba89c063f45eead723682988ad13106012fba7d28c27cc8	2023-11-30 19:30:00.692+00
9	henry5636@mail.com	Henry	me no from	t	dd70f3eafe9c8b6dc2ccfc98ad4e62a9234224d10105729ca2da6101eea37bb695a6383caf701ab51f658ad97a2e03118007b75e49e74d5e93913f80ec16df16	2023-11-30 20:16:58.968+00
10	grace814@mail.com	Grace	makes hello content	t	7a61b0868df8e3b7b0bbe9597a4c5208610962760b28e96fece1f19609ef53dc84b650882520d5673a8040288f2c5a7eb2e17ef2bf9c739b80f1ae9576c48477	2023-11-30 22:28:43.727+00
11	yasmine5986@mail.com	Yasmine	hello no sense	t	854cd41af656e5894176fd5e2a4d659dbae4789e05762acd37547372a61fee102165f2d1dd5bbd30a30000c13c0fe878f9a6ecab54956acccf357cf943f06e33	2023-11-30 23:03:44.486+00
12	liam2538@mail.com	Liam	biography hello excuse	f	4373a42c73d0e4c084baa4c81a4963adc4591ceff4001b8f39bbf675d88342cb5207f8f46d7631b67a38675133d4dac0639f1ac56092696b15de07b289187147	2023-11-30 23:18:54.964+00
13	elena7991@mail.com	Elena	hi me no from	t	f6b8b9fb342f8a784cc8314d03b04e49c89daa3e2277e49873a08848a37e1ab8979a1976590732781b49904a3ff9ef3ce17016b0692578bc002b8876a15fd909	2023-12-01 01:49:09.291+00
14	daniel5242@mail.com	Daniel	from random hello	t	b8c91fdb9e80a6f14e467dc5fe0ba9d381e7e9f947af17a01b8baa8ccd2fc42646a9b4e9983cca2f99745eff3343a3cc2818e758300fafbe9f96742abd006ad3	2023-12-01 02:19:30.286+00
15	xander8623@mail.com	Xander	me me me from	t	6c257d96a0b1fb13ef5478a3770b15a4abfb50db4051600092e8e2d2ba271e0eed7fa32d035e75e9a5521e5914654c47215d7f5efa54fcb0542e6d6fd972118d	2023-12-01 03:45:17.047+00
16	felix5194@mail.com	Felix	makes content hello	t	14d8eb57f09c6081b478281fdb6b4df2416dd01adee76d8cd708b1eedacd2e7cd3978e7d02ecaed9b7670275be69fa41c17de2cb2c9ebac74ae7137588e4d34e	2023-12-01 06:18:14.698+00
17	isaac2108@mail.com	Isaac	content sense from makes	t	9c9f76e3301bda3d3267ac10db648401893c4465a6bd5695aa7c077e6e98788a5bcf8effae8fd74bc17c98df3d177cd66ebacc3189d3c388e35fbcf3a3fc4196	2023-12-01 08:45:41.608+00
18	victoria2434@mail.com	Victoria	hi excuse me excuse	t	531dcf3b9d556b0872d02afd9069fccba56de74ae7cedc288c35b57624a7d067a2fd70f791ab9d94f0d112206472b516ea544d649db4591962a605140ac85dda	2023-12-01 12:01:04.023+00
19	ulysses8655@mail.com	Ulysses	random hi content makes	f	62f4691a6a91c41463f42e2f52de4fb11a608b36ae1a3ad9a91513696777ae27bc49db81352acb71cb44471987862e94d7e98885493bd668fcb37c49578aad58	2023-12-01 12:40:03.392+00
20	henry3508@mail.com	Henry	hi sense sense	t	0b57ce72df993b892119f7ecfa0cd118274b7bb44141ed4d4b2a7360bdb04c5a0463d0e87be74f4c6b555ea93e18cae62b0347cb0a50884fc87cfbca754bacc2	2023-12-01 15:50:45.257+00
21	nora9732@mail.com	Nora	content hello hi random	f	4f65e24dd9dd52911eed5f34ecf3ebb5e871e5f4f05df5e55dca60e3f014e259ee30940d6038592f5bc6b322c0420fb53ab46fe4bcad5f431a08dd74148bbcf7	2023-12-01 18:28:30.514+00
22	isabella494@mail.com	Isabella	biography from hello sense	t	31cb010ebd855d36080faf244b28fdcd96a6890ae90c0def78dcf2006377c5a943c4d4135b28debb1a6c74325c2b09493ed4c4c041cf7538b7eb524ec9f3fb0f	2023-12-01 21:42:25.864+00
23	benjamin8884@mail.com	Benjamin	content content excuse	t	7e056c043421e6ab740675ea1383918555c0564236e388548a9d10c643471900560eef88ace3036ed1901d39b8c4ea68486b482226034aaeb7221163369f312c	2023-12-01 23:50:00.198+00
24	victoria1982@mail.com	Victoria	from hi from	t	81089fb9b9fea9de08c8e3812ac33d805de7502aadad01692445fa6a909e1faf13ed437025444b62a8d910a83b5d9afeb9e7c6dce0c01698a3c1b6137b858421	2023-12-02 01:57:51.776+00
25	tessa6226@mail.com	Tessa	from from sense hello	t	1c094b3c0304baede2dc3aced378ce0b3baabe823e8197e5734809dad57d4eadc123c81ab0e73f8012a6245457ff6acbb0fa00e6d9e19b4e6b2d76f97f62255d	2023-12-02 04:34:42.547+00
26	dylan8139@mail.com	Dylan	no from no excuse	t	c64e61e54ffbbf26504ed8fc69974532be558c54660824de04f3a83037281d318e09c1766621e9073053a63fa1708d17a19466463d1a0520d6fb8f50493776b7	2023-12-02 06:27:40.443+00
27	paige8336@mail.com	Paige	me excuse biography	t	d346e3f7aef6577fc1addc2910c8dcf834eb66659926fe73bbec0781364375c469f7356618cce0d4f3e506a5a5a309d4b06995303c5863ab2874cf98741651aa	2023-12-02 09:26:01.048+00
28	yasmine6534@mail.com	Yasmine	excuse biography content	t	7a890400a169e0b2b8f1e2713be9afee9cddec1f350cddf68ad7dd29aad0525954b71fc1b8009ea4deb05bcb420b1b2f4117c8da2756c9afe52f56ac26b302d3	2023-12-02 09:54:03.317+00
29	quinn7502@mail.com	Quinn	content excuse hello	f	fa348750ecf3b3960fd2d58e4104b81e1cf661022c9e458fe9aa648d568183fcf8d6f53bd0619f2c875c87bfc6c665b8f8b3340fc8be95272923c21ac677027a	2023-12-02 11:50:29.166+00
30	quinn4633@mail.com	Quinn	biography random sense	t	8738e037e342a4d3f0c0a7085eb34abe7e8623c5694b9e23c1dd1eb5786c4dc927eafa8f9c094d9bbc188db3d6878a4b5744dd2a6055ba0d5b83c3d3bf139b20	2023-12-02 13:28:58.343+00
31	quinn6430@mail.com	Quinn	makes from hi	f	45445d957ff840b1c3bf038ce1634cf94c49febec60e28b579ecc60c25d6957aa996e0d78a17c297bd51f6ebbacab95fac35de8fa376dd93640df032916984d1	2023-12-02 15:25:45.37+00
32	dmytro1024@gmail.com	Dmytro	21y.o. software engineer from Earth	t	f5560c3296de4e0ef868574bf96fc778bc580931a8cae2d2631de27ba055db1be2afd769d658c684d8bc5ee0c1b2a7583ec862d5e994b806c6fa2ab4d54cd7f4	2023-12-08 21:10:06.491+00
37	naumov671@gmail.com	Dmitriy N.	21 y.o. software engineer from Zaporizhia	t	0524451187ffe04fd8e1961e14e2eab82ff02e50e87e41add80874f2b7a366fc07d6b95c6b1c16aa4f325647d87dc74134bbbd950f2bcc6635ff5a404d61fdb0	2023-12-11 20:01:23.854+00
48	ivanov@example.com	Ivan Ivanov	Someone Someone	t	bc7a12a249bff7ccc1f973a0096c584abe3a402592a8b024d33da32e6d29f74bced1f2b7784af9a16aa1c5cb7ce599e1c20fdc13397777cdca29bf615d732945	2023-12-11 21:11:59.258+00
58	ivanov123@example.com	Ivan Ivanov	Someone Someone	t	bc7a12a249bff7ccc1f973a0096c584abe3a402592a8b024d33da32e6d29f74bced1f2b7784af9a16aa1c5cb7ce599e1c20fdc13397777cdca29bf615d732945	2023-12-12 10:15:15.385+00
64	ivanov1266@example.com	Ivan Ivanov	Someone Someone	t	bc7a12a249bff7ccc1f973a0096c584abe3a402592a8b024d33da32e6d29f74bced1f2b7784af9a16aa1c5cb7ce599e1c20fdc13397777cdca29bf615d732945	2023-12-12 10:21:56.944+00
68	ivanov1268@example.com	Ivan Ivanov	Someone Someone	t	a7a2cda58ec9f5b0a4f4bfd6126747847394a4be5cef2fc5d3ea57ac25ed8ccf87f1e7f875799f83532a8dabe29890699f3bdb0f0ae6b7fb0870035d92e24b41	2023-12-12 10:24:03.169+00
\.


--
-- Data for Name: PersonTag; Type: TABLE DATA; Schema: public; Owner: dmitriy
--

COPY public."PersonTag" ("personId", tag) FROM stdin;
1	coffee
2	coffee
2	online
3	literature
3	children
4	coffee
4	party
5	music
5	online
6	literature
6	games
7	coffee
7	party
8	meeting
8	party
9	offline
9	tea
10	animals
10	party
11	music
11	literature
12	music
12	animals
13	offline
13	games
14	online
14	tea
15	literature
15	games
16	literature
16	tea
17	offline
17	online
18	meeting
18	music
19	literature
19	games
20	games
20	music
21	literature
21	animals
22	games
22	offline
23	coffee
23	offline
24	music
24	literature
25	literature
26	children
26	party
27	literature
28	animals
28	tea
29	coffee
29	games
30	literature
30	meeting
31	offline
31	animals
68	online
\.


--
-- Data for Name: UserSession; Type: TABLE DATA; Schema: public; Owner: dmitriy
--

COPY public."UserSession" (id, "personId", password, "expiresAt") FROM stdin;
\.


--
-- Name: Event_id_seq; Type: SEQUENCE SET; Schema: public; Owner: dmitriy
--

SELECT pg_catalog.setval('public."Event_id_seq"', 116, true);


--
-- Name: Person_id_seq; Type: SEQUENCE SET; Schema: public; Owner: dmitriy
--

SELECT pg_catalog.setval('public."Person_id_seq"', 124, true);


--
-- Name: UserSession_id_seq; Type: SEQUENCE SET; Schema: public; Owner: dmitriy
--

SELECT pg_catalog.setval('public."UserSession_id_seq"', 163, true);


--
-- Name: Calendar Calendar_pkey; Type: CONSTRAINT; Schema: public; Owner: dmitriy
--

ALTER TABLE ONLY public."Calendar"
    ADD CONSTRAINT "Calendar_pkey" PRIMARY KEY (day);


--
-- Name: EventNotification EventNotification_pkey; Type: CONSTRAINT; Schema: public; Owner: dmitriy
--

ALTER TABLE ONLY public."EventNotification"
    ADD CONSTRAINT "EventNotification_pkey" PRIMARY KEY ("personId", "eventId");


--
-- Name: EventTag EventTag_pkey; Type: CONSTRAINT; Schema: public; Owner: dmitriy
--

ALTER TABLE ONLY public."EventTag"
    ADD CONSTRAINT "EventTag_pkey" PRIMARY KEY ("eventId", tag);


--
-- Name: EventVisit EventVisit_pkey; Type: CONSTRAINT; Schema: public; Owner: dmitriy
--

ALTER TABLE ONLY public."EventVisit"
    ADD CONSTRAINT "EventVisit_pkey" PRIMARY KEY ("personId", "eventId");


--
-- Name: Event Event_pkey; Type: CONSTRAINT; Schema: public; Owner: dmitriy
--

ALTER TABLE ONLY public."Event"
    ADD CONSTRAINT "Event_pkey" PRIMARY KEY (id);


--
-- Name: PersonTag PersonTag_pkey; Type: CONSTRAINT; Schema: public; Owner: dmitriy
--

ALTER TABLE ONLY public."PersonTag"
    ADD CONSTRAINT "PersonTag_pkey" PRIMARY KEY ("personId", tag);


--
-- Name: Person Person_pkey; Type: CONSTRAINT; Schema: public; Owner: dmitriy
--

ALTER TABLE ONLY public."Person"
    ADD CONSTRAINT "Person_pkey" PRIMARY KEY (id);


--
-- Name: UserSession UserSession_pkey; Type: CONSTRAINT; Schema: public; Owner: dmitriy
--

ALTER TABLE ONLY public."UserSession"
    ADD CONSTRAINT "UserSession_pkey" PRIMARY KEY (id);


--
-- Name: Person person_email_unique; Type: CONSTRAINT; Schema: public; Owner: dmitriy
--

ALTER TABLE ONLY public."Person"
    ADD CONSTRAINT person_email_unique UNIQUE (email);


--
-- Name: Event event_calendarday_foreign; Type: FK CONSTRAINT; Schema: public; Owner: dmitriy
--

ALTER TABLE ONLY public."Event"
    ADD CONSTRAINT event_calendarday_foreign FOREIGN KEY ("calendarDay") REFERENCES public."Calendar"(day) ON DELETE RESTRICT;


--
-- Name: Event event_ownerid_foreign; Type: FK CONSTRAINT; Schema: public; Owner: dmitriy
--

ALTER TABLE ONLY public."Event"
    ADD CONSTRAINT event_ownerid_foreign FOREIGN KEY ("ownerId") REFERENCES public."Person"(id) ON DELETE CASCADE;


--
-- Name: EventNotification eventnotification_eventid_foreign; Type: FK CONSTRAINT; Schema: public; Owner: dmitriy
--

ALTER TABLE ONLY public."EventNotification"
    ADD CONSTRAINT eventnotification_eventid_foreign FOREIGN KEY ("eventId") REFERENCES public."Event"(id) ON DELETE CASCADE;


--
-- Name: EventNotification eventnotification_personid_foreign; Type: FK CONSTRAINT; Schema: public; Owner: dmitriy
--

ALTER TABLE ONLY public."EventNotification"
    ADD CONSTRAINT eventnotification_personid_foreign FOREIGN KEY ("personId") REFERENCES public."Person"(id) ON DELETE CASCADE;


--
-- Name: EventTag eventtag_eventid_foreign; Type: FK CONSTRAINT; Schema: public; Owner: dmitriy
--

ALTER TABLE ONLY public."EventTag"
    ADD CONSTRAINT eventtag_eventid_foreign FOREIGN KEY ("eventId") REFERENCES public."Event"(id) ON DELETE CASCADE;


--
-- Name: EventVisit eventvisit_eventid_foreign; Type: FK CONSTRAINT; Schema: public; Owner: dmitriy
--

ALTER TABLE ONLY public."EventVisit"
    ADD CONSTRAINT eventvisit_eventid_foreign FOREIGN KEY ("eventId") REFERENCES public."Event"(id) ON DELETE CASCADE;


--
-- Name: EventVisit eventvisit_personid_foreign; Type: FK CONSTRAINT; Schema: public; Owner: dmitriy
--

ALTER TABLE ONLY public."EventVisit"
    ADD CONSTRAINT eventvisit_personid_foreign FOREIGN KEY ("personId") REFERENCES public."Person"(id) ON DELETE CASCADE;


--
-- Name: PersonTag persontag_personid_foreign; Type: FK CONSTRAINT; Schema: public; Owner: dmitriy
--

ALTER TABLE ONLY public."PersonTag"
    ADD CONSTRAINT persontag_personid_foreign FOREIGN KEY ("personId") REFERENCES public."Person"(id) ON DELETE CASCADE;


--
-- Name: UserSession usersession_personid_foreign; Type: FK CONSTRAINT; Schema: public; Owner: dmitriy
--

ALTER TABLE ONLY public."UserSession"
    ADD CONSTRAINT usersession_personid_foreign FOREIGN KEY ("personId") REFERENCES public."Person"(id) ON DELETE CASCADE;


--
-- PostgreSQL database dump complete
--

